[
    {
        "timestamp": "2026-02-11 11:36:45",
        "type": "warning",
        "message": "Acesso via Chave Mestra (Vitalício) por reinaldogramachof@gmail.com",
        "ip": "127.0.0.1"
    },
    {
        "timestamp": "2026-02-11 11:38:48",
        "type": "warning",
        "message": "Acesso via Chave Mestra (Vitalício) por reinaldogramachof@gmail.com",
        "ip": "127.0.0.1"
    },
    {
        "timestamp": "2026-02-11 11:44:25",
        "type": "warning",
        "message": "Acesso via Chave Mestra (Vitalício) por reinaldogramachof@gmail.com",
        "ip": "127.0.0.1"
    },
    {
        "timestamp": "2026-02-11 12:40:39",
        "type": "warning",
        "message": "Acesso via Chave Mestra (Vitalício) por reinaldogramachof@gmail.com",
        "ip": "127.0.0.1"
    },
    {
        "timestamp": "2026-02-12 10:26:16",
        "type": "warning",
        "message": "Acesso via Chave Mestra (Vitalício) por reinaldogramachof@gmail.com",
        "ip": "::1"
    },
    {
        "timestamp": "2026-02-12 10:32:07",
        "type": "warning",
        "message": "Acesso via Chave Mestra (Vitalício) por reinaldogramachof@gmail.com",
        "ip": "::1"
    },
    {
        "timestamp": "2026-02-12 10:39:32",
        "type": "warning",
        "message": "Acesso via Chave Mestra (Vitalício) por reinaldogramachof@gmail.com",
        "ip": "::1"
    },
    {
        "timestamp": "2026-02-12 13:13:11",
        "type": "warning",
        "message": "Acesso via Chave Mestra (Vitalício) por reinaldogramachof@gmail.com",
        "ip": "127.0.0.1"
    },
    {
        "timestamp": "2026-02-12 19:24:54",
        "type": "warning",
        "message": "Acesso via Chave Mestra (Vitalício) por teste@cliente.com",
        "ip": "::1"
    },
    {
        "timestamp": "2026-02-13 08:40:31",
        "type": "warning",
        "message": "Acesso via Chave Mestra (Vitalício) por teste@cliente.com",
        "ip": "::1"
    }
]